TreeID,Mum,Dad,Spacing,Rep,Plot,dj,dm,wd,h1,h2,h3,h4,h5,dis,lt,str
80001,70048,NA,3,1,1,0.334,0.405,0.358,29,130,239,420,630,1,1,1
80002,70048,NA,3,1,2,0.348,0.393,0.365,24,107,242,410,600,0,1,5
80004,70048,NA,3,1,4,0.354,0.429,0.379,19,82,180,300,500,0,1,5
80005,70017,NA,3,1,1,0.335,0.408,0.363,46,168,301,510,700,0,1,5
80008,70017,NA,3,1,4,0.322,0.372,0.332,33,135,271,470,670,1,0,2
80026,70002,NA,3,1,2,0.359,0.45,0.392,30,132,258,390,570,0,0,1
80028,70002,NA,3,1,4,0.368,0.509,0.388,37,124,238,380,530,0,0,0
80033,70010,NA,3,1,1,0.358,0.381,0.369,32,126,290,460,660,1,1,0
80034,70010,NA,3,1,2,0.323,0.393,0.347,34,153,251,430,600,1,1,2
80035,70010,NA,3,1,3,0.298,0.361,0.324,28,127,243,410,630,0,0,2
80036,70010,NA,3,1,4,0.346,0.402,0.368,38,139,271,400,550,0,0,0
80037,70041,NA,3,1,1,0.321,0.462,0.372,31,112,230,380,550,0,1,5
80038,70041,NA,3,1,2,0.368,0.47,0.387,36,117,175,300,460,1,0,2
80045,70031,NA,3,1,1,0.332,0.412,0.37,35,101,202,370,520,1,1,4
80046,70031,NA,3,1,2,0.357,0.46,0.376,35,115,207,310,460,0,0,5
80048,70031,NA,3,1,4,0.338,0.389,0.362,35,119,262,430,590,1,1,1
80049,70054,NA,3,2,1,0.356,0.437,0.38,35,133,211,400,530,0,0,3
80052,70054,NA,3,2,4,0.339,0.443,0.361,31,92,205,320,510,1,0,4
80055,70043,NA,3,2,3,0.365,0.454,0.392,33,121,235,390,610,0,0,0
80056,70043,NA,3,2,4,0.372,0.467,0.402,27,119,213,380,600,1,0,5
80057,70017,NA,3,2,1,0.34,0.458,0.363,36,90,197,380,590,1,1,4
80058,70017,NA,3,2,2,0.352,0.433,0.358,35,128,285,500,700,0,0,1
80059,70017,NA,3,2,3,0.367,0.475,0.386,27,117,228,370,560,0,1,0
80061,70038,NA,3,2,1,0.325,0.376,0.345,35,151,289,490,720,0,0,2
80062,70038,NA,3,2,2,0.333,0.392,0.337,31,132,263,440,660,1,1,5
80063,70038,NA,3,2,3,0.318,0.425,0.322,32,138,288,460,640,1,0,2
80070,70004,NA,3,2,2,0.331,0.391,0.351,21,70,161,290,520,1,1,0
80073,70019,NA,3,2,1,0.399,0.467,0.415,29,110,260,430,340,1,0,3
80074,70019,NA,3,2,2,0.374,0.451,0.381,25,71,201,350,570,0,0,2
80078,70039,NA,3,2,2,0.373,0.441,0.382,21,79,151,360,520,1,0,5
80080,70039,NA,3,2,4,0.354,0.472,0.371,36,144,268,420,600,0,0,3
80084,70051,NA,3,2,4,0.396,0.514,0.43,24,93,221,370,560,0,1,0
80085,70056,NA,3,2,1,0.38,0.47,0.397,28,104,213,400,610,1,0,1
80087,70056,NA,3,2,3,0.34,0.419,0.367,33,112,249,430,650,0,0,1
80088,70056,NA,3,2,4,0.353,0.383,0.36,28,101,263,460,720,0,1,4
80093,70007,NA,3,2,1,0.33,0.414,0.341,18,106,208,380,560,1,0,5
80094,70007,NA,3,2,2,0.354,0.436,0.386,15,79,184,380,570,1,1,5
80101,70020,NA,3,3,1,0.36,0.391,0.369,37,136,232,410,620,1,0,1
80103,70020,NA,3,3,3,0.333,0.437,0.345,53,153,262,390,600,1,1,2
80105,70027,NA,3,3,1,0.357,0.425,0.383,43,141,271,450,670,1,0,4
80106,70027,NA,3,3,2,0.39,0.459,0.408,48,197,358,540,760,0,0,3
80108,70027,NA,3,3,4,0.361,0.421,0.378,44,142,284,420,630,0,0,2
80109,70031,NA,3,3,1,0.36,0.399,0.376,40,157,303,520,700,0,0,0
80110,70031,NA,3,3,2,0.368,0.434,0.381,51,206,334,570,830,1,0,4
80112,70031,NA,3,3,4,0.368,0.448,0.385,42,163,309,510,760,0,0,4
80118,70008,NA,3,3,2,0.324,0.413,0.361,37,110,251,390,570,1,1,2
80120,70008,NA,3,3,4,0.337,0.448,0.372,37,128,270,440,550,1,1,0
80126,70046,NA,3,3,2,0.334,0.411,0.369,22,114,267,410,590,0,1,4
80127,70046,NA,3,3,3,0.378,0.413,0.382,38,140,252,430,590,1,1,4
80129,70033,NA,3,3,1,0.35,0.44,0.363,30,110,219,370,550,1,0,2
80130,70033,NA,3,3,2,0.352,0.437,0.372,34,150,267,420,600,0,1,0
80131,70033,NA,3,3,3,0.368,0.508,0.395,22,100,173,350,540,1,1,0
80132,70033,NA,3,3,4,0.324,0.375,0.337,38,121,224,360,580,0,0,3
80133,70005,NA,3,3,1,0.349,0.435,0.368,39,161,276,460,630,0,0,0
80134,70005,NA,3,3,2,0.34,0.907,0.45,32,152,282,480,660,0,0,5
80136,70005,NA,3,3,4,0.351,0.451,0.373,41,168,286,420,610,1,0,0
80137,70059,NA,3,3,1,0.352,0.435,0.371,44,166,304,480,630,0,1,3
80138,70059,NA,3,3,2,0.393,0.481,0.415,40,163,296,490,670,0,1,1
80139,70059,NA,3,3,3,0.339,0.404,0.348,44,175,306,500,670,0,1,4
80140,70059,NA,3,3,4,0.364,0.426,0.385,42,188,337,520,730,1,1,0
80143,70050,NA,3,3,3,0.363,0.434,0.395,50,198,346,550,740,1,0,5
80145,70036,NA,3,4,1,0.332,0.384,0.355,43,136,231,490,660,0,1,5
80147,70036,NA,3,4,3,0.328,0.444,0.347,30,136,258,450,630,1,1,4
80148,70036,NA,3,4,4,0.378,0.477,0.404,43,127,260,480,700,1,0,3
80151,70001,NA,3,4,3,0.336,0.477,0.374,33,146,250,510,740,0,1,4
80152,70001,NA,3,4,4,0.317,0.452,0.363,32,147,277,470,600,1,1,0
80153,70035,NA,3,4,1,0.37,0.477,0.4,36,181,304,590,810,1,1,4
80154,70035,NA,3,4,2,0.36,0.485,0.407,50,151,306,530,790,0,1,1
80155,70035,NA,3,4,3,0.349,0.495,0.392,32,155,325,380,780,1,0,4
80169,70046,NA,3,4,1,0.362,0.366,0.364,27,110,204,400,580,0,0,0
80173,70040,NA,3,4,1,0.369,0.434,0.401,43,161,242,430,660,0,1,1
80175,70040,NA,3,4,3,0.399,0.491,0.429,48,188,275,520,680,1,0,3
80178,70031,NA,3,4,2,0.352,0.389,0.372,42,115,212,350,540,0,1,1
80179,70031,NA,3,4,3,0.423,0.488,0.447,32,100,204,350,510,1,0,1
80186,70029,NA,3,4,2,0.353,0.418,0.39,39,133,214,370,500,0,1,2
80187,70029,NA,3,4,3,0.394,0.431,0.414,34,88,149,270,430,0,1,0
80188,70029,NA,3,4,4,0.367,0.413,0.388,39,105,173,270,460,0,1,4
80189,70046,NA,3,1,1,0.344,0.44,0.385,40,137,280,420,580,0,1,1
80191,70046,NA,3,1,3,0.368,0.433,0.378,40,144,241,420,610,1,1,1
80192,70046,NA,3,1,4,0.353,0.458,0.364,36,120,218,360,510,1,0,4
80193,70001,NA,3,1,1,0.334,0.396,0.344,38,130,206,360,530,0,0,4
80194,70001,NA,3,1,2,0.345,0.431,0.387,33,130,265,440,680,1,1,3
80199,70034,NA,3,1,3,0.363,0.437,0.378,26,106,238,380,580,0,0,1
80200,70034,NA,3,1,4,0.365,0.526,0.386,33,122,228,410,600,1,0,2
80215,70012,NA,3,1,3,0.319,0.4,0.345,29,113,226,370,510,1,0,0
80217,70056,NA,3,1,1,0.341,0.452,0.37,27,120,225,360,500,0,0,3
80218,70056,NA,3,1,2,0.388,0.452,0.397,15,111,185,320,510,1,0,5
80224,70051,NA,3,1,4,0.358,0.433,0.387,32,108,222,350,520,1,0,5
80226,70050,NA,3,1,2,0.335,0.435,0.36,27,90,176,240,480,1,1,5
80227,70050,NA,3,1,3,0.351,0.434,0.368,31,122,237,420,620,0,1,4
80234,70025,NA,3,1,2,0.402,0.476,0.426,36,151,247,430,590,0,1,1
80236,70025,NA,3,1,4,0.366,0.484,0.39,40,116,233,340,550,0,0,0
80238,70061,NA,3,2,2,0.358,0.467,0.371,37,111,191,330,480,0,1,2
80239,70061,NA,3,2,3,0.333,0.408,0.342,39,118,206,290,510,0,1,4
80240,70061,NA,3,2,4,0.342,0.457,0.355,29,99,205,320,440,1,1,4
80241,70050,NA,3,2,1,0.337,0.449,0.365,33,132,220,380,570,1,0,4
80244,70050,NA,3,2,4,0.327,0.403,0.345,32,115,188,310,500,0,0,1
80246,70035,NA,3,2,2,0.326,0.43,0.34,38,155,233,380,570,0,1,1
80248,70035,NA,3,2,4,0.321,0.512,0.362,39,138,252,400,630,1,1,0
80249,70024,NA,3,2,1,0.339,0.454,0.35,28,128,266,400,520,1,1,2
80250,70024,NA,3,2,2,0.359,0.459,0.378,40,133,229,360,490,0,1,4
80252,70024,NA,3,2,4,0.353,0.478,0.359,29,133,241,380,610,1,1,1
80253,70002,NA,3,2,1,0.384,0.569,0.404,24,91,182,290,460,1,1,3
80255,70002,NA,3,2,3,0.366,0.49,0.413,36,123,252,400,610,0,1,5
80256,70002,NA,3,2,4,0.331,0.446,0.371,34,111,238,320,530,0,1,4
80258,70016,NA,3,2,2,0.334,0.386,0.352,26,73,182,270,490,1,1,2
80259,70016,NA,3,2,3,0.378,0.465,0.393,25,109,217,310,480,0,1,3
80264,70006,NA,3,2,4,0.37,0.427,0.38,20,101,217,310,510,0,0,2
80265,70033,NA,3,2,1,0.346,0.447,0.38,32,100,202,360,600,1,1,2
80268,70033,NA,3,2,4,0.323,0.358,0.34,30,94,168,300,550,0,0,2
80270,70018,NA,3,2,2,0.342,0.368,0.348,28,95,199,380,530,0,0,0
80271,70018,NA,3,2,3,0.345,0.441,0.368,24,70,193,320,570,0,1,2
80272,70018,NA,3,2,4,0.324,0.468,0.36,33,109,257,430,700,1,0,0
80275,70045,NA,3,2,3,0.376,0.458,0.389,25,108,228,340,510,1,1,3
80280,70011,NA,3,2,4,0.378,0.514,0.417,25,100,206,350,510,1,1,5
80283,70059,NA,3,2,3,0.357,0.419,0.376,40,160,333,500,730,1,0,4
80284,70059,NA,3,2,4,0.308,0.432,0.338,42,140,255,460,630,1,0,3
80285,70048,NA,3,3,1,0.393,0.442,0.409,48,180,366,580,760,1,0,5
80286,70048,NA,3,3,2,0.332,0.44,0.338,36,133,263,400,590,1,0,2
80287,70048,NA,3,3,3,0.351,0.435,0.375,32,114,240,430,670,0,1,0
80293,70056,NA,3,3,1,0.353,0.438,0.367,42,148,260,470,660,0,0,5
80294,70056,NA,3,3,2,0.358,0.45,0.367,35,158,285,480,670,0,0,2
80295,70056,NA,3,3,3,0.363,0.452,0.379,29,130,265,460,670,1,0,2
80297,70045,NA,3,3,1,0.407,0.496,0.415,33,130,249,410,560,0,1,0
80298,70045,NA,3,3,2,0.342,0.457,0.361,40,160,298,450,670,0,1,1
80300,70045,NA,3,3,4,0.376,0.48,0.387,40,165,333,600,860,0,1,1
80302,70040,NA,3,3,2,0.355,0.47,0.387,36,164,258,480,730,0,0,5
80304,70040,NA,3,3,4,0.341,0.434,0.354,33,115,238,400,620,0,1,0
80306,70023,NA,3,3,2,0.325,0.394,0.342,41,149,302,500,730,1,0,2
80310,70022,NA,3,3,2,0.352,0.438,0.387,33,182,340,580,850,1,0,4
80311,70022,NA,3,3,3,0.327,0.417,0.339,34,137,280,420,630,1,0,1
80314,70039,NA,3,3,2,0.35,0.446,0.393,47,163,300,520,760,0,1,1
80316,70039,NA,3,3,4,0.361,0.456,0.385,49,171,300,490,700,1,0,1
80318,70028,NA,3,3,2,0.342,0.452,0.38,49,192,318,490,680,0,1,1
80320,70028,NA,3,3,4,0.333,0.387,0.346,50,90,189,370,600,0,0,3
80321,70010,NA,3,3,1,0.348,0.465,0.38,42,181,303,450,700,0,1,1
80323,70010,NA,3,3,3,0.34,0.451,0.36,46,178,320,480,680,1,0,5
80324,70010,NA,3,3,4,0.349,0.492,0.396,45,151,317,470,630,0,1,4
80326,70057,NA,3,3,2,0.382,0.53,0.482,58,246,383,590,800,1,0,2
80327,70057,NA,3,3,3,0.413,0.502,0.438,51,185,283,400,610,1,1,2
80329,70007,NA,3,3,1,0.338,0.385,0.344,43,199,332,470,680,1,1,3
80330,70007,NA,3,3,2,0.369,0.462,0.383,45,168,265,440,630,1,1,0
80332,70007,NA,3,3,4,0.369,0.482,0.399,39,155,300,430,620,1,1,4
80333,70020,NA,3,4,1,0.347,0.479,0.356,36,145,232,440,620,0,1,3
80335,70020,NA,3,4,3,0.307,0.401,0.329,50,174,324,580,790,1,0,5
80337,70039,NA,3,4,1,0.345,0.419,0.365,37,160,284,430,620,0,0,3
80338,70039,NA,3,4,2,0.344,0.425,0.354,30,127,271,460,620,0,1,5
80341,70027,NA,3,4,1,0.39,0.463,0.41,66,204,348,650,810,1,1,0
80342,70027,NA,3,4,2,0.374,0.463,0.403,50,163,307,520,730,0,1,4
80343,70027,NA,3,4,3,0.355,0.454,0.369,41,135,255,420,590,1,0,4
80346,70025,NA,3,4,2,0.355,0.435,0.383,44,178,310,500,710,0,1,5
80350,70005,NA,3,4,2,0.388,0.444,0.417,48,131,327,480,750,1,1,4
80351,70005,NA,3,4,3,0.388,0.433,0.403,31,125,231,400,530,0,0,3
80355,70028,NA,3,4,3,0.372,0.447,0.396,56,143,254,410,610,0,1,5
80356,70028,NA,3,4,4,0.379,0.49,0.419,43,162,321,520,710,0,0,3
80363,70052,NA,3,4,3,0.413,0.497,0.454,32,144,256,410,570,1,0,3
80364,70052,NA,3,4,4,0.408,0.43,0.418,26,100,191,390,560,1,1,1
80365,70021,NA,3,4,1,0.386,0.462,0.427,49,151,278,460,610,1,1,3
80366,70021,NA,3,4,2,0.432,0.48,0.45,40,130,248,400,570,0,0,2
80367,70021,NA,3,4,3,0.391,0.474,0.437,36,139,274,460,630,0,1,0
80369,70010,NA,3,4,1,0.347,0.443,0.375,41,134,256,360,520,1,0,5
80372,70010,NA,3,4,4,0.369,0.443,0.403,51,167,295,460,640,1,0,1
80375,70047,NA,3,4,3,0.39,0.439,0.42,26,165,292,430,590,0,1,5
80378,70045,NA,3,4,2,0.399,0.479,0.442,55,155,248,460,660,1,0,0
80379,70045,NA,3,4,3,0.451,0.501,0.472,37,152,212,410,560,1,0,3
80381,70036,NA,3,1,1,0.369,0.439,0.394,44,136,216,380,630,1,1,1
80384,70036,NA,3,1,4,0.262,0.394,0.306,37,113,225,340,530,0,0,3
80385,70029,NA,3,1,1,0.334,0.438,0.358,30,116,223,340,520,1,1,1
80387,70029,NA,3,1,3,0.343,0.441,0.365,37,150,290,490,680,1,1,1
80390,70023,NA,3,1,2,0.354,0.423,0.368,40,135,250,350,570,0,0,4
80392,70023,NA,3,1,4,0.34,0.434,0.375,45,129,250,430,580,0,0,4
80393,70028,NA,3,1,1,0.342,0.459,0.393,47,132,293,410,600,1,0,2
80395,70028,NA,3,1,3,0.362,0.419,0.373,41,119,209,330,490,1,1,1
80396,70028,NA,3,1,4,0.333,0.414,0.36,44,151,276,390,600,1,1,0
80397,70020,NA,3,1,1,0.345,0.389,0.36,37,104,218,330,480,0,0,1
80401,70022,NA,3,1,1,0.352,0.431,0.371,37,105,180,280,440,1,1,1
80403,70022,NA,3,1,3,0.349,0.388,0.37,24,115,219,310,490,1,0,2
80408,70037,NA,3,1,4,0.332,0.446,0.358,30,97,182,290,390,0,0,2
80410,70015,NA,3,1,2,0.368,0.465,0.385,32,121,212,330,470,1,1,3
80412,70015,NA,3,1,4,0.324,0.363,0.342,36,134,261,360,540,1,1,3
80413,70045,NA,3,1,1,0.302,0.417,0.311,29,120,189,270,400,1,0,1
80414,70045,NA,3,1,2,0.374,0.539,0.394,34,126,215,330,500,0,0,1
80417,70004,NA,3,1,1,0.348,0.438,0.381,39,122,229,370,550,1,1,2
80418,70004,NA,3,1,2,0.333,0.439,0.366,40,127,205,350,580,1,1,4
80420,70004,NA,3,1,4,0.356,0.455,0.382,34,91,186,310,530,1,1,4
80421,70006,NA,3,1,1,0.333,0.412,0.358,25,140,240,360,550,0,0,4
80424,70006,NA,3,1,4,0.341,0.408,0.358,29,112,233,370,570,0,1,1
80425,70059,NA,3,1,1,0.319,0.387,0.339,34,111,211,360,560,1,0,5
80426,70059,NA,3,1,2,0.35,0.433,0.36,38,132,252,390,590,0,1,3
80427,70059,NA,3,1,3,0.335,0.451,0.352,32,91,188,350,560,0,0,2
80428,70059,NA,3,1,4,0.342,0.457,0.359,36,118,238,380,560,0,1,3
80429,70021,NA,3,2,1,0.364,0.433,0.391,39,117,234,360,550,1,0,1
80430,70021,NA,3,2,2,0.365,0.495,0.374,41,110,229,360,500,1,0,4
80437,70034,NA,3,2,1,0.328,0.45,0.357,35,141,221,350,490,1,1,2
80438,70034,NA,3,2,2,0.35,0.49,0.376,26,92,169,270,520,1,1,0
80439,70034,NA,3,2,3,0.345,0.45,0.362,34,132,240,370,560,0,0,0
80441,70027,NA,3,2,1,0.353,0.422,0.383,41,121,229,310,550,0,0,0
80443,70027,NA,3,2,3,0.373,0.475,0.383,36,97,211,300,430,0,0,1
80444,70027,NA,3,2,4,0.385,0.51,0.411,55,114,181,360,570,1,1,5
80446,70029,NA,3,2,2,0.343,0.439,0.353,33,89,185,290,480,1,1,2
80447,70029,NA,3,2,3,0.353,0.518,0.386,34,102,175,330,530,1,0,4
80448,70029,NA,3,2,4,0.354,0.468,0.376,44,149,236,390,590,1,1,3
80465,70015,NA,3,2,1,0.353,0.448,0.373,44,110,252,410,580,1,0,5
80469,70009,NA,3,2,1,0.36,0.484,0.37,27,92,209,390,560,0,0,2
80472,70009,NA,3,2,4,0.351,0.466,0.383,29,82,203,370,540,1,0,3
80473,70044,NA,3,2,1,0.271,0.491,0.362,32,122,261,460,630,1,0,4
80474,70044,NA,3,2,2,0.235,0.487,0.248,24,118,296,490,720,1,0,5
80477,70036,NA,3,3,1,0.323,0.403,0.345,33,111,251,420,610,1,1,3
80480,70036,NA,3,3,4,0.311,0.422,0.334,31,136,289,370,500,0,0,2
80481,70018,NA,3,3,1,0.318,0.365,0.329,48,166,305,430,630,0,1,0
80482,70018,NA,3,3,2,0.333,0.406,0.352,40,174,311,450,670,0,0,5
80484,70018,NA,3,3,4,0.312,0.393,0.353,40,136,275,450,630,1,1,2
80485,70060,NA,3,3,1,0.37,0.462,0.379,37,159,261,430,600,0,0,1
80486,70060,NA,3,3,2,0.366,0.477,0.401,46,147,289,480,730,0,0,0
80487,70060,NA,3,3,3,0.383,0.426,0.4,45,138,288,480,720,1,1,0
80499,70006,NA,3,3,3,0.358,0.446,0.384,39,160,318,540,760,1,0,1
80500,70006,NA,3,3,4,0.348,0.41,0.371,39,150,280,490,730,0,0,2
80508,70009,NA,3,3,4,0.348,0.457,0.373,36,120,235,360,520,0,0,2
80509,70047,NA,3,3,1,0.343,0.47,0.369,41,177,309,480,670,0,1,3
80512,70047,NA,3,3,4,0.343,0.441,0.38,40,170,319,510,710,1,0,1
80513,70035,NA,3,3,1,0.363,0.459,0.385,34,156,304,420,640,0,1,1
80514,70035,NA,3,3,2,0.326,0.429,0.333,38,170,297,440,590,1,1,1
80515,70035,NA,3,3,3,0.37,0.45,0.387,24,126,228,380,600,1,1,5
80518,70016,NA,3,3,2,0.341,0.479,0.373,39,149,256,460,700,0,1,0
80519,70016,NA,3,3,3,0.341,0.391,0.353,35,161,311,510,710,0,0,0
80523,70041,NA,3,3,3,0.345,0.427,0.366,41,151,282,480,680,1,0,5
80525,70015,NA,3,4,1,0.371,0.473,0.394,42,130,237,370,610,0,1,5
80528,70015,NA,3,4,4,0.345,0.438,0.385,54,158,296,530,740,0,0,2
80529,70030,NA,3,4,1,0.333,0.472,0.376,53,157,231,450,660,0,0,0
80530,70030,NA,3,4,2,0.362,0.532,0.386,53,146,257,450,660,1,0,5
80531,70030,NA,3,4,3,0.303,0.409,0.332,43,146,280,510,710,0,1,4
80532,70030,NA,3,4,4,0.362,0.515,0.38,35,150,263,460,660,1,1,2
80533,70002,NA,3,4,1,0.343,0.458,0.379,37,155,274,490,730,0,0,2
80534,70002,NA,3,4,2,0.342,0.427,0.383,41,140,278,520,730,0,1,3
80535,70002,NA,3,4,3,0.354,0.504,0.368,47,168,293,510,720,0,1,2
80537,70051,NA,3,4,1,0.373,0.493,0.392,36,143,223,450,720,0,1,2
80540,70051,NA,3,4,4,0.432,0.474,0.449,33,167,302,570,790,1,1,0
80541,70041,NA,3,4,1,0.362,0.463,0.405,38,150,282,490,690,1,1,3
80542,70041,NA,3,4,2,0.387,0.495,0.416,33,162,256,470,660,1,0,4
80545,70053,NA,3,4,1,0.366,0.467,0.397,46,174,260,530,740,1,1,2
80546,70053,NA,3,4,2,0.371,0.465,0.4,76,212,293,510,710,0,1,0
80547,70053,NA,3,4,3,0.36,0.409,0.393,39,145,250,420,620,0,1,1
80548,70053,NA,3,4,4,0.361,0.452,0.379,38,162,283,500,740,1,1,3
80549,70043,NA,3,4,1,0.417,0.563,0.446,33,148,246,510,670,1,0,4
80550,70043,NA,3,4,2,0.362,0.468,0.403,41,143,268,460,660,1,0,3
80551,70043,NA,3,4,3,0.386,0.551,0.442,35,155,246,390,610,0,1,4
80552,70043,NA,3,4,4,0.377,0.483,0.404,45,145,257,480,650,0,1,5
80554,70007,NA,3,4,2,0.434,0.514,0.451,17,100,165,280,490,1,1,1
80555,70007,NA,3,4,3,0.383,0.482,0.408,34,108,199,370,580,1,0,2
80558,70006,NA,3,4,2,0.413,0.512,0.453,32,120,239,440,640,1,0,2
80559,70006,NA,3,4,3,0.371,0.424,0.384,33,126,238,450,680,0,0,3
80561,70057,NA,3,4,1,0.301,0.362,0.328,32,126,250,440,650,0,0,0
80563,70057,NA,3,4,3,0.399,0.498,0.435,37,135,246,420,610,1,0,1
80564,70057,NA,3,4,4,0.384,0.803,0.517,40,154,264,480,670,0,0,5
80565,70034,NA,3,4,1,0.393,0.447,0.422,42,197,280,500,690,1,1,3
80566,70034,NA,3,4,2,0.394,0.418,0.406,37,158,310,520,690,0,1,1
80573,70035,NA,3,1,1,0.384,0.45,0.396,31,128,236,350,540,0,1,3
80574,70035,NA,3,1,2,0.383,0.502,0.394,40,125,224,320,540,0,1,3
80575,70035,NA,3,1,3,0.331,0.386,0.341,35,137,242,390,590,0,1,1
80576,70035,NA,3,1,4,0.362,0.433,0.388,41,140,288,420,600,0,1,3
80577,70040,NA,3,1,1,0.369,0.462,0.374,37,140,256,380,590,1,0,4
80578,70040,NA,3,1,2,0.339,0.452,0.37,39,136,265,440,620,1,0,3
80581,70003,NA,3,1,1,0.33,0.375,0.336,34,111,226,360,550,0,0,5
80585,70038,NA,3,1,1,0.323,0.398,0.335,27,126,235,390,540,1,0,3
80586,70038,NA,3,1,2,0.371,0.436,0.398,27,111,200,330,490,1,0,0
80587,70038,NA,3,1,3,0.344,0.413,0.354,22,110,188,310,500,0,0,0
80588,70038,NA,3,1,4,0.351,0.477,0.382,30,92,191,320,530,1,0,0
80599,70016,NA,3,1,3,0.323,0.364,0.338,35,128,208,350,480,1,1,3
80601,70019,NA,3,1,1,0.383,0.47,0.404,35,117,266,330,530,0,0,3
80606,70043,NA,3,1,2,0.326,0.399,0.364,34,147,252,420,630,0,1,2
80607,70043,NA,3,1,3,0.413,0.475,0.436,37,141,266,390,610,0,0,4
80608,70043,NA,3,1,4,0.364,0.471,0.38,32,127,203,300,450,1,0,4
80610,70018,NA,3,1,2,0.4,0.441,0.408,31,105,220,340,550,0,1,0
80611,70018,NA,3,1,3,0.339,0.443,0.353,29,102,216,340,490,0,1,0
80613,70005,NA,3,1,1,0.34,0.458,0.362,30,101,177,340,530,0,0,0
80615,70005,NA,3,1,3,0.356,0.458,0.369,30,168,277,430,610,1,0,1
80623,70052,NA,3,2,3,0.367,0.432,0.387,45,152,307,500,680,0,0,5
80624,70052,NA,3,2,4,0.349,0.422,0.355,23,90,175,280,470,1,0,3
80625,70047,NA,3,2,1,0.34,0.398,0.351,32,126,202,360,560,0,1,3
80626,70047,NA,3,2,2,0.344,0.429,0.374,22,110,227,300,490,1,1,1
80627,70047,NA,3,2,3,0.351,0.473,0.387,33,116,224,390,590,1,0,4
80629,70025,NA,3,2,1,0.35,0.466,0.365,31,110,240,330,520,1,0,0
80633,70023,NA,3,2,1,0.37,0.478,0.416,34,121,189,320,460,1,0,1
80634,70023,NA,3,2,2,0.351,0.428,0.362,33,122,222,330,530,0,0,1
80635,70023,NA,3,2,3,0.308,0.419,0.327,40,115,239,340,520,0,1,1
80638,70036,NA,3,2,2,0.326,0.386,0.344,32,90,199,340,520,1,0,5
80639,70036,NA,3,2,3,0.341,0.438,0.378,44,110,212,360,480,0,1,1
80640,70036,NA,3,2,4,0.331,0.497,0.37,43,136,227,350,580,1,1,1
80641,70010,NA,3,2,1,0.354,0.47,0.364,23,81,162,300,480,0,1,5
80642,70010,NA,3,2,2,0.32,0.38,0.332,34,122,254,380,600,0,1,3
80643,70010,NA,3,2,3,0.329,0.408,0.34,27,112,214,350,460,0,1,1
80645,70040,NA,3,2,1,0.393,0.456,0.415,39,113,207,350,580,1,0,0
80651,70041,NA,3,2,3,0.37,0.453,0.374,33,135,263,480,660,1,1,5
80652,70041,NA,3,2,4,0.393,0.518,0.422,39,76,284,340,520,1,0,5
80653,70030,NA,3,2,1,0.372,0.549,0.41,29,65,120,220,420,1,1,2
80654,70030,NA,3,2,2,0.326,0.53,0.383,37,95,155,280,490,0,0,2
80656,70030,NA,3,2,4,0.359,0.503,0.398,35,100,221,310,530,1,1,1
80665,70048,NA,3,2,1,0.37,0.471,0.394,28,58,157,320,510,0,1,0
80666,70048,NA,3,2,2,0.381,0.494,0.403,31,90,202,350,560,0,1,4
80667,70048,NA,3,2,3,0.35,0.458,0.386,31,123,261,420,650,0,0,5
80670,70001,NA,3,3,2,0.343,0.471,0.392,30,140,263,420,560,1,0,1
80675,70051,NA,3,3,3,0.322,0.424,0.337,29,120,240,370,570,0,0,2
80676,70051,NA,3,3,4,0.334,0.526,0.41,36,152,293,490,680,1,1,4
80677,70021,NA,3,3,1,0.378,0.473,0.389,39,92,208,320,510,0,0,4
80678,70021,NA,3,3,2,0.354,0.433,0.371,47,153,296,440,660,1,1,4
80680,70021,NA,3,3,4,0.337,0.43,0.353,43,164,340,470,610,1,1,3
80681,70015,NA,3,3,1,0.354,0.47,0.368,31,126,217,350,520,0,1,4
80687,70054,NA,3,3,3,0.35,0.432,0.383,40,148,241,370,600,1,1,0
80689,70044,NA,3,3,1,0.346,0.532,0.364,25,105,203,320,570,1,0,5
80690,70044,NA,3,3,2,0.337,0.402,0.346,34,98,200,360,610,0,1,5
80693,70030,NA,3,3,1,0.326,0.442,0.342,30,106,212,350,540,1,0,3
80696,70030,NA,3,3,4,0.359,0.507,0.392,37,146,270,420,620,1,0,4
80698,70029,NA,3,3,2,0.347,0.441,0.385,34,152,185,470,710,0,1,3
80700,70029,NA,3,3,4,0.352,0.499,0.374,36,115,238,400,590,0,0,5
80702,70037,NA,3,3,2,0.365,0.404,0.378,44,182,290,510,730,1,0,2
80705,70019,NA,3,3,1,0.413,0.414,0.413,44,150,261,480,730,1,0,3
80706,70019,NA,3,3,2,0.347,0.465,0.37,36,175,255,470,730,1,1,5
80708,70019,NA,3,3,4,0.39,0.492,0.425,58,215,379,600,850,1,0,3
80709,70052,NA,3,3,1,0.37,0.495,0.409,39,168,277,520,800,0,1,1
80712,70052,NA,3,3,4,0.342,0.452,0.372,42,151,252,420,620,0,1,5
80713,70055,NA,3,3,1,0.364,0.469,0.393,60,200,319,600,830,1,0,3
80714,70055,NA,3,3,2,0.336,0.444,0.358,55,197,353,590,800,1,0,2
80715,70055,NA,3,3,3,0.369,0.528,0.405,47,152,299,450,730,0,0,3
80716,70055,NA,3,3,4,0.36,0.482,0.387,55,148,238,490,730,1,0,3
80717,70018,NA,3,4,1,0.39,0.452,0.397,40,156,289,550,760,0,1,3
80719,70018,NA,3,4,3,0.325,0.398,0.341,36,158,281,450,670,1,0,1
80721,70033,NA,3,4,1,0.362,0.451,0.375,37,152,232,420,620,1,1,2
80724,70033,NA,3,4,4,0.352,0.5,0.363,34,135,230,370,570,1,0,5
80725,70019,NA,3,4,1,0.364,0.47,0.398,37,160,288,460,700,1,1,2
80727,70019,NA,3,4,3,0.373,0.476,0.401,46,150,303,520,690,0,1,0
80730,70038,NA,3,4,2,0.349,0.451,0.375,28,170,311,540,770,1,0,3
80731,70038,NA,3,4,3,0.351,0.489,0.363,31,145,238,400,600,1,0,2
80732,70038,NA,3,4,4,0.344,0.499,0.365,26,140,252,430,640,1,0,3
80735,70060,NA,3,4,3,0.384,0.513,0.431,36,145,254,490,690,1,1,4
80736,70060,NA,3,4,4,0.385,0.475,0.411,53,217,326,590,810,1,0,1
80737,70044,NA,3,4,1,0.378,0.509,0.39,27,105,199,350,580,1,0,5
80738,70044,NA,3,4,2,0.371,0.441,0.406,33,140,262,520,650,1,1,5
80742,70008,NA,3,4,2,0.419,0.493,0.451,37,124,226,440,640,0,0,4
80743,70008,NA,3,4,3,0.405,0.499,0.438,37,103,200,380,570,1,1,5
80744,70008,NA,3,4,4,0.414,0.547,0.444,40,136,254,420,580,0,0,3
80747,70056,NA,3,4,3,0.388,0.476,0.402,34,107,183,340,510,0,1,5
80748,70056,NA,3,4,4,0.378,0.486,0.412,27,100,160,290,470,1,0,1
80750,70048,NA,3,4,2,0.361,0.414,0.384,46,166,275,500,680,0,0,4
80751,70048,NA,3,4,3,0.407,0.494,0.423,35,128,214,430,600,1,1,3
80752,70048,NA,3,4,4,0.397,0.439,0.422,46,148,247,440,630,0,1,3
80753,70016,NA,3,4,1,0.388,0.473,0.396,36,121,239,430,630,0,1,4
80755,70016,NA,3,4,3,0.365,0.519,0.404,43,159,234,420,590,1,1,0
80756,70016,NA,3,4,4,0.385,0.49,0.426,45,155,243,500,660,1,0,3
80758,70022,NA,3,4,2,0.365,0.445,0.406,54,170,269,500,680,0,0,3
80760,70022,NA,3,4,4,0.361,0.464,0.399,32,120,233,380,570,1,1,5
80762,70023,NA,3,4,2,0.401,0.512,0.429,38,149,304,490,630,0,1,4
80764,70023,NA,3,4,4,0.384,0.429,0.404,43,127,217,420,580,1,1,4
80765,70054,NA,3,4,1,0.417,0.473,0.45,43,142,203,400,580,1,0,4
80767,70054,NA,3,4,3,0.399,0.407,0.403,39,125,229,400,570,1,0,2
80769,70009,NA,3,1,1,0.331,0.423,0.349,30,100,214,300,460,1,0,5
80771,70009,NA,3,1,3,0.348,0.461,0.369,35,141,275,400,600,1,0,2
80772,70009,NA,3,1,4,0.349,0.383,0.357,36,106,228,340,520,1,1,1
80777,70030,NA,3,1,1,0.378,0.515,0.393,32,116,225,370,530,0,1,1
80781,70055,NA,3,1,1,0.37,0.421,0.383,53,139,213,430,670,0,0,3
80782,70055,NA,3,1,2,0.352,0.502,0.373,25,96,179,300,460,1,0,0
80783,70055,NA,3,1,3,0.347,0.401,0.376,50,167,317,470,680,0,0,4
80784,70055,NA,3,1,4,0.368,0.369,0.368,52,155,298,450,650,0,1,5
80795,70011,NA,3,1,3,0.336,0.497,0.378,32,170,264,380,580,0,1,4
80797,70027,NA,3,1,1,0.367,0.417,0.369,37,150,295,400,520,0,1,2
80798,70027,NA,3,1,2,0.373,0.433,0.378,50,157,260,360,480,1,0,1
80800,70027,NA,3,1,4,0.364,0.494,0.41,52,232,369,490,610,1,1,4
80801,70061,NA,3,1,1,0.345,0.393,0.364,41,107,237,340,520,0,0,2
80802,70061,NA,3,1,2,0.352,0.476,0.363,31,112,218,270,460,1,1,2
80803,70061,NA,3,1,3,0.381,0.41,0.385,46,111,230,300,480,1,1,5
80804,70061,NA,3,1,4,0.354,0.424,0.368,40,118,188,280,490,1,0,5
80806,70021,NA,3,1,2,0.354,0.41,0.369,37,110,211,340,480,0,0,5
80808,70021,NA,3,1,4,0.396,0.444,0.414,40,163,288,450,660,0,0,1
80809,70039,NA,3,1,1,0.325,0.416,0.357,43,132,212,380,580,0,0,2
80813,70024,NA,3,1,1,0.36,0.448,0.373,29,87,163,310,450,0,1,1
80814,70024,NA,3,1,2,0.339,0.446,0.35,29,67,187,320,500,1,1,5
80817,70022,NA,3,2,1,0.345,0.429,0.358,27,93,187,300,530,0,0,1
80820,70022,NA,3,2,4,0.344,0.431,0.354,35,124,239,400,530,1,0,2
80823,70005,NA,3,2,3,0.345,0.439,0.377,35,130,245,410,640,1,0,3
80825,70053,NA,3,2,1,0.339,0.429,0.354,44,130,217,390,640,1,1,5
80830,70028,NA,3,2,2,0.331,0.415,0.338,29,136,228,360,470,0,0,2
80831,70028,NA,3,2,3,0.376,0.47,0.411,26,103,219,360,530,0,0,0
80832,70028,NA,3,2,4,0.348,0.512,0.366,31,112,211,350,520,0,0,0
80836,70060,NA,3,2,4,0.336,0.457,0.342,32,101,189,310,460,0,1,3
80837,70020,NA,3,2,1,0.31,0.441,0.332,33,110,206,320,490,0,1,3
80838,70020,NA,3,2,2,0.36,0.492,0.38,31,95,146,280,480,0,0,2
80840,70020,NA,3,2,4,0.348,0.437,0.36,36,87,175,270,430,0,1,1
80842,70031,NA,3,2,2,0.358,0.402,0.377,30,78,177,320,520,1,0,2
80847,70001,NA,3,2,3,0.358,0.447,0.38,39,116,248,370,530,1,0,3
80849,70055,NA,3,2,1,0.37,0.472,0.392,33,129,221,310,510,1,1,2
80852,70055,NA,3,2,4,0.341,0.425,0.37,42,123,255,390,610,1,0,1
80853,70003,NA,3,2,1,0.351,0.407,0.374,30,115,212,350,520,1,0,1
80854,70003,NA,3,2,2,0.357,0.489,0.38,40,100,191,270,460,1,1,0
80861,70046,NA,3,2,1,0.368,0.447,0.398,32,125,279,NA,NA,0,1,4
80863,70046,NA,3,2,3,0.422,0.482,0.432,30,114,195,NA,NA,1,1,2
80864,70046,NA,3,2,4,0.369,0.44,0.389,39,103,209,NA,NA,1,0,5
80867,70017,NA,3,3,3,0.357,0.466,0.379,32,82,203,330,610,0,1,2
80869,70004,NA,3,3,1,0.324,0.403,0.335,50,147,261,410,610,1,0,1
80870,70004,NA,3,3,2,0.352,0.447,0.395,44,191,343,510,720,1,0,1
80871,70004,NA,3,3,3,0.346,0.454,0.373,33,136,290,430,590,1,0,3
80872,70004,NA,3,3,4,0.351,0.414,0.373,22,94,195,320,530,1,0,5
80873,70011,NA,3,3,1,0.37,0.455,0.394,42,193,341,520,740,1,1,3
80874,70011,NA,3,3,2,0.369,0.464,0.4,38,142,278,440,610,0,0,5
80876,70011,NA,3,3,4,0.373,0.44,0.387,30,150,324,420,660,1,1,1
80879,70061,NA,3,3,3,0.337,0.392,0.354,39,163,275,420,590,1,0,4
80881,70012,NA,3,3,1,0.332,0.462,0.373,50,207,342,470,650,0,1,3
80883,70012,NA,3,3,3,0.345,0.442,0.364,44,177,314,500,670,1,1,3
80885,70003,NA,3,3,1,0.343,0.38,0.358,28,144,270,460,690,1,0,5
80888,70003,NA,3,3,4,0.352,0.469,0.387,36,134,294,420,600,0,1,0
80889,70053,NA,3,3,1,0.379,0.462,0.417,35,140,296,460,750,1,0,4
80890,70053,NA,3,3,2,0.375,0.487,0.417,42,139,269,480,750,1,1,5
80894,70024,NA,3,3,2,0.336,0.409,0.361,36,143,278,400,560,1,1,4
80895,70024,NA,3,3,3,0.307,0.421,0.356,32,144,257,460,660,1,1,5
80897,70043,NA,3,3,1,0.362,0.474,0.388,32,143,247,390,650,1,0,2
80898,70043,NA,3,3,2,0.344,0.426,0.355,42,140,225,340,580,0,1,4
80901,70034,NA,3,3,1,0.333,0.425,0.351,50,175,311,490,690,0,0,1
80904,70034,NA,3,3,4,0.366,0.422,0.384,28,100,206,360,580,0,0,2
80908,70038,NA,3,3,4,0.354,0.429,0.384,37,136,270,490,720,1,1,5
80909,70032,NA,3,3,1,0.342,0.436,0.36,30,115,222,430,680,0,1,2
80911,70032,NA,3,3,3,0.345,0.425,0.367,38,144,279,470,670,0,0,5
80913,70011,NA,3,4,1,0.383,0.484,0.406,34,123,204,380,630,1,0,5
80915,70011,NA,3,4,3,0.353,0.511,0.367,37,148,238,430,640,1,1,5
80916,70011,NA,3,4,4,0.34,0.452,0.356,34,204,332,530,800,0,0,0
80921,70055,NA,3,4,1,0.381,0.464,0.412,41,147,219,450,680,1,0,2
80922,70055,NA,3,4,2,0.32,0.468,0.371,55,240,413,570,820,1,0,2
80924,70055,NA,3,4,4,0.367,0.446,0.394,43,176,304,470,700,1,0,0
80929,70032,NA,3,4,1,0.36,0.438,0.384,24,128,224,390,600,0,0,5
80930,70032,NA,3,4,2,0.355,0.451,0.394,27,141,254,500,720,0,0,3
80932,70032,NA,3,4,4,0.371,0.474,0.41,22,97,182,340,510,0,0,0
80933,70061,NA,3,4,1,0.36,0.443,0.389,53,177,273,470,660,0,1,5
80935,70061,NA,3,4,3,0.363,0.451,0.399,40,140,260,410,580,1,0,0
80937,70003,NA,3,4,1,0.376,0.461,0.404,37,155,267,530,670,1,1,2
80945,70024,NA,3,4,1,0.362,0.439,0.404,49,163,272,500,680,1,1,1
80947,70024,NA,3,4,3,0.364,0.445,0.391,36,135,251,460,570,0,1,0
80948,70024,NA,3,4,4,0.388,0.479,0.419,37,120,273,420,570,0,0,1
80951,70009,NA,3,4,3,0.375,0.502,0.416,44,115,242,400,530,0,0,5
80952,70009,NA,3,4,4,0.345,0.443,0.383,31,132,265,440,630,0,0,0
80953,70017,NA,3,4,1,0.37,0.453,0.402,37,120,255,480,630,0,0,5
80954,70017,NA,3,4,2,0.368,0.553,0.391,30,113,177,330,490,1,1,0
80955,70017,NA,3,4,3,0.379,0.45,0.402,33,133,244,460,590,0,0,5
80957,70059,NA,3,4,1,0.339,0.389,0.358,40,114,214,410,610,0,1,1
80961,70061,NA,3,5,1,0.374,0.433,0.39,36,96,170,280,440,1,1,0
80962,70061,NA,3,5,2,0.349,0.394,0.358,32,125,203,300,470,1,0,3
80963,70061,NA,3,5,3,0.332,0.424,0.349,30,75,158,280,430,1,1,4
80965,70010,NA,3,5,1,0.32,0.466,0.334,30,110,198,320,490,0,0,0
80967,70010,NA,3,5,3,0.364,0.439,0.381,27,65,152,260,420,1,1,4
80968,70010,NA,3,5,4,0.348,0.432,0.374,30,110,208,370,530,1,1,5
80969,70031,NA,3,5,1,0.333,0.391,0.343,32,135,291,450,610,1,0,4
80971,70031,NA,3,5,3,0.357,0.41,0.364,34,186,384,510,630,0,1,1
80973,70059,NA,3,5,1,0.345,0.414,0.361,33,135,207,370,620,0,1,5
80974,70059,NA,3,5,2,0.361,0.469,0.377,34,118,197,380,600,0,0,5
80976,70059,NA,3,5,4,0.343,0.425,0.352,43,108,260,400,570,1,1,1
80977,70034,NA,3,5,1,0.353,NA,0.353,32,126,232,410,630,1,0,3
80980,70034,NA,3,5,4,0.367,0.433,0.388,29,138,266,380,580,1,1,0
80981,70043,NA,3,5,1,0.37,0.424,0.392,33,152,302,480,700,0,0,0
80983,70043,NA,3,5,3,0.402,0.466,0.419,42,175,284,410,560,0,1,1
80986,70029,NA,3,5,2,0.349,0.447,0.37,30,122,303,410,610,1,1,2
80991,70024,NA,3,5,3,0.379,0.456,0.403,27,112,204,360,530,1,0,2
80992,70024,NA,3,5,4,0.35,0.422,0.384,33,125,260,380,490,0,1,3
80997,70047,NA,3,5,1,0.347,0.427,0.366,27,110,210,280,450,0,0,2
80998,70047,NA,3,5,2,0.408,0.44,0.415,29,148,270,380,490,0,1,2
81001,70018,NA,3,5,1,0.411,0.434,0.415,38,138,275,380,510,0,0,3
81002,70018,NA,3,5,2,0.37,0.471,0.413,38,183,317,480,380,0,1,2
81003,70018,NA,3,5,3,0.347,0.446,0.375,31,116,253,390,520,0,0,2
81004,70018,NA,3,5,4,0.383,0.483,0.395,37,92,188,300,420,1,1,0
81005,70039,NA,3,5,1,0.342,0.454,0.356,38,175,257,480,350,0,0,2
81009,70012,NA,3,5,1,0.345,0.422,0.362,43,129,250,360,490,0,1,5
81010,70012,NA,3,5,2,0.351,0.46,0.38,25,77,213,330,470,1,0,4
81014,70025,NA,3,5,2,0.367,0.484,0.398,30,110,224,340,600,0,0,0
81015,70025,NA,3,5,3,0.359,0.473,0.373,31,154,271,460,590,1,0,1
81016,70025,NA,3,5,4,0.358,0.454,0.379,32,135,268,410,530,0,0,2
81017,70054,NA,3,5,1,0.392,0.487,0.422,34,122,208,350,520,0,0,2
81021,70021,NA,3,5,1,0.407,0.534,0.424,26,84,189,320,470,1,1,4
81022,70021,NA,3,5,2,0.391,0.544,0.438,29,111,213,340,560,1,0,0
81024,70021,NA,3,5,4,0.384,0.456,0.404,33,130,279,440,590,1,0,0
81029,70036,NA,3,5,1,0.338,0.427,0.368,44,180,266,480,700,1,0,0
81030,70036,NA,3,5,2,0.366,0.406,0.382,53,179,360,510,690,1,0,3
81031,70036,NA,3,5,3,0.376,0.35,0.366,39,133,252,430,620,1,0,3
81033,70035,NA,3,5,1,0.356,0.452,0.372,40,171,288,400,560,0,0,3
81034,70035,NA,3,5,2,0.345,0.427,0.372,39,176,298,440,630,1,1,4
81035,70035,NA,3,5,3,0.344,0.442,0.362,33,149,276,410,550,0,0,4
81039,70056,NA,3,5,3,0.396,0.426,0.407,29,185,360,540,740,1,1,0
81041,70008,NA,3,5,1,0.367,0.49,0.39,33,156,293,430,590,0,0,4
81042,70008,NA,3,5,2,0.332,0.436,0.367,32,155,307,490,700,1,1,0
81043,70008,NA,3,5,3,0.353,0.423,0.365,26,149,272,410,540,1,1,4
81045,70019,NA,3,5,1,0.406,0.503,0.435,42,190,327,500,670,0,0,5
81046,70019,NA,3,5,2,0.362,0.439,0.381,50,187,302,460,650,0,0,2
81047,70019,NA,3,5,3,0.386,0.501,0.402,28,116,232,320,540,0,1,2
81050,70037,NA,3,5,2,0.313,0.459,0.329,26,84,180,260,430,1,1,2
81051,70037,NA,3,5,3,0.365,0.432,0.375,23,93,161,270,400,1,0,4
81052,70037,NA,3,5,4,0.322,0.443,0.34,31,115,221,320,450,1,0,5
81053,70005,NA,3,5,1,0.367,0.418,0.387,24,98,162,310,440,0,1,5
81054,70005,NA,3,5,2,0.352,0.509,0.364,24,78,184,270,470,1,1,5
81055,70005,NA,3,5,3,0.355,0.392,0.37,34,112,227,320,570,1,0,5
81057,70028,NA,3,5,1,0.369,0.43,0.378,36,172,258,390,570,0,1,4
81060,70028,NA,3,5,4,0.357,0.481,0.406,42,97,216,380,520,1,0,1
81061,70006,NA,3,5,1,0.363,0.47,0.389,22,110,250,360,550,1,0,2
81062,70006,NA,3,5,2,0.318,0.405,0.337,12,83,196,320,490,0,0,5
81063,70006,NA,3,5,3,0.389,0.415,0.395,30,134,279,410,560,0,1,0
81064,70006,NA,3,5,4,0.326,0.399,0.348,30,148,267,400,630,0,0,2
81069,70016,NA,3,5,1,0.37,0.442,0.39,31,97,250,390,570,1,0,3
81070,70016,NA,3,5,2,0.375,0.475,0.391,29,90,196,360,530,0,0,4
81071,70016,NA,3,5,3,0.346,0.414,0.368,31,114,248,410,620,0,0,0
81075,70038,NA,3,5,3,0.327,0.399,0.35,23,111,222,360,530,0,0,3
81081,70040,NA,3,5,1,0.338,0.405,0.351,41,171,277,380,570,1,1,1
81082,70040,NA,3,5,2,0.355,0.465,0.367,31,132,219,340,520,1,0,2
81083,70040,NA,3,5,3,0.334,0.443,0.358,39,119,242,390,540,0,1,4
81085,70041,NA,3,5,1,0.376,0.478,0.39,26,117,226,300,420,1,1,3
81087,70041,NA,3,5,3,0.363,0.438,0.37,27,108,228,300,460,0,1,3
81089,70032,NA,3,5,1,0.354,0.413,0.376,46,110,225,360,580,0,0,0
81094,70050,NA,3,5,2,0.349,0.427,0.364,28,115,250,380,550,1,0,5
81099,70030,NA,3,5,3,0.338,0.465,0.369,33,110,233,360,570,1,1,0
81100,70030,NA,3,5,4,0.33,0.411,0.365,42,113,243,390,570,1,0,0
81105,70046,NA,3,5,1,0.338,0.367,0.352,31,113,232,380,580,0,0,4
81110,70027,NA,3,5,2,0.376,0.411,0.38,44,120,264,390,610,1,0,0
81112,70027,NA,3,5,4,0.35,0.395,0.368,39,155,276,420,510,1,1,2
81113,70060,NA,3,5,1,0.359,0.408,0.364,36,131,248,390,520,0,0,0
81114,70060,NA,3,5,2,0.34,0.412,0.373,36,143,293,430,710,0,0,0
81116,70060,NA,3,5,4,0.257,0.409,0.318,36,160,286,440,660,0,0,0
81118,70011,NA,3,5,2,0.355,0.422,0.365,44,158,241,390,660,1,1,1
81123,70045,NA,3,5,3,0.353,0.406,0.364,35,147,260,340,520,0,1,3
81124,70045,NA,3,5,4,0.321,0.389,0.336,32,140,258,330,530,1,0,4
81125,70004,NA,3,5,1,0.377,0.548,0.397,39,141,217,330,440,1,0,3
81128,70004,NA,3,5,4,0.368,0.4,0.379,38,153,274,390,530,1,0,3
81130,70023,NA,3,5,2,0.362,0.426,0.385,35,95,172,280,430,0,0,4
81131,70023,NA,3,5,3,0.355,0.409,0.366,36,118,208,330,510,0,0,5
81133,70002,NA,3,5,1,0.35,0.503,0.384,26,83,165,290,500,0,1,1
81134,70002,NA,3,5,2,0.34,0.481,0.367,30,131,232,390,500,1,0,2
81136,70002,NA,3,5,4,0.347,0.476,0.4,44,138,246,330,560,0,0,0
81137,70052,NA,3,5,1,0.341,0.451,0.354,42,125,202,340,500,0,1,0
81138,70052,NA,3,5,2,0.352,0.382,0.357,37,123,269,400,620,0,1,5
81139,70052,NA,3,5,3,0.337,0.419,0.369,47,111,253,410,600,1,0,2
81141,70057,NA,3,5,1,0.371,0.49,0.393,38,112,202,310,500,1,0,3
81146,70055,NA,3,5,2,0.385,NA,0.385,44,108,220,380,560,0,1,2
81148,70055,NA,3,5,4,0.371,0.477,0.403,54,136,250,380,580,0,0,2
81150,70009,NA,3,5,2,0.349,0.434,0.385,43,148,273,390,540,0,1,1
81152,70009,NA,3,5,4,0.364,0.702,0.435,32,125,226,360,540,1,1,1
81153,70048,NA,3,5,1,0.356,0.367,0.36,38,148,289,410,600,1,0,5
81155,70048,NA,3,5,3,0.339,0.405,0.351,32,149,314,430,620,1,0,0
81156,70048,NA,3,5,4,0.361,0.449,0.39,37,143,277,410,590,1,1,5
81162,70020,NA,3,5,2,0.343,0.422,0.357,25,75,157,260,430,1,1,0
81165,70033,NA,3,5,1,0.33,0.45,0.354,30,80,202,320,490,0,1,3
81167,70033,NA,3,5,3,0.379,0.472,0.394,31,80,160,290,460,1,0,1
81168,70033,NA,3,5,4,0.36,0.488,0.387,30,97,183,300,480,1,0,3
81169,70053,NA,3,5,1,0.399,0.521,0.426,40,80,198,280,430,0,1,2
81171,70053,NA,3,5,3,0.333,0.422,0.34,45,118,197,290,460,1,0,3
81172,70053,NA,3,5,4,0.35,0.46,0.374,45,127,225,330,520,0,0,4
81173,70001,NA,3,5,1,0.368,0.478,0.4,32,97,164,320,470,0,1,4
81174,70001,NA,3,5,2,0.33,0.457,0.355,36,108,226,320,450,1,1,0
81179,70044,NA,3,5,3,0.357,0.421,0.361,23,73,132,260,420,0,0,2
81180,70044,NA,3,5,4,0.383,0.406,0.392,40,84,162,250,410,1,0,2
81181,70022,NA,3,5,1,0.341,0.496,0.376,29,95,202,290,440,1,0,1
81183,70022,NA,3,5,3,0.358,0.464,0.396,36,121,216,350,590,1,1,5
81184,70022,NA,3,5,4,0.325,0.384,0.343,40,110,196,320,500,1,1,1
81186,70003,NA,3,5,2,0.375,0.482,0.4,31,94,184,300,530,0,0,1
81187,70003,NA,3,5,3,0.347,0.451,0.38,30,131,229,350,590,1,1,4
81191,70015,NA,3,5,3,0.36,0.473,0.376,35,123,228,360,600,0,0,3
81193,70017,NA,3,5,1,0.357,0.536,0.385,30,121,222,380,520,0,0,2
81197,70007,NA,3,5,1,0.374,0.489,0.388,28,115,214,330,470,0,1,5
81200,70007,NA,3,5,4,0.381,0.458,0.388,28,100,193,310,450,1,1,2
83604,70037,NA,2,1,4,0.376,0.49,0.415,36,144,213,470,650,1,1,3
83608,70003,NA,2,1,4,0.35,0.477,0.399,28,142,249,500,720,1,0,5
83609,70002,NA,2,1,1,0.384,0.507,0.424,36,152,312,510,720,1,1,5
83613,70051,NA,2,1,1,0.362,0.486,0.4,39,181,312,530,720,0,1,4
83624,70032,NA,2,1,4,0.339,0.451,0.372,39,129,247,450,690,0,0,2
83628,70024,NA,2,1,4,0.378,0.484,0.393,33,129,264,460,670,1,0,4
83632,70030,NA,2,1,4,0.352,0.492,0.378,46,146,243,480,690,1,1,1
83633,70061,NA,2,1,1,0.36,0.439,0.367,27,127,244,430,630,1,1,5
83636,70061,NA,2,1,4,0.348,0.48,0.367,40,165,262,440,620,0,1,1
83637,70053,NA,2,1,1,0.346,0.4,0.371,35,161,268,540,730,0,1,5
83638,70053,NA,2,1,2,0.333,0.458,0.361,36,173,299,540,700,0,0,1
83639,70053,NA,2,1,3,0.353,0.449,0.396,26,128,277,550,790,1,0,3
83642,70033,NA,2,2,2,0.375,0.461,0.389,50,163,263,460,650,0,1,2
83651,70053,NA,2,2,3,0.341,0.484,0.358,23,131,255,470,710,0,1,2
83652,70053,NA,2,2,4,0.34,0.408,0.371,25,147,266,460,650,1,1,2
83655,70046,NA,2,2,3,0.386,0.494,0.404,30,140,282,480,680,1,0,2
83656,70046,NA,2,2,4,0.347,0.496,0.38,29,134,277,470,690,1,1,3
83658,70039,NA,2,2,2,0.372,0.48,0.411,32,163,294,550,730,1,0,0
83660,70039,NA,2,2,4,0.367,0.47,0.38,27,130,268,460,640,1,0,4
83661,70036,NA,2,2,1,0.334,0.469,0.368,32,183,305,460,720,0,0,1
83663,70036,NA,2,2,3,0.332,0.467,0.348,45,145,257,460,650,1,0,4
83668,70034,NA,2,2,4,0.349,0.49,0.385,33,147,233,390,580,0,1,5
83671,70030,NA,2,2,3,0.338,0.417,0.346,34,156,290,420,580,0,0,1
83681,70008,NA,2,3,1,0.351,0.422,0.359,38,140,268,430,620,0,0,2
83682,70008,NA,2,3,2,0.356,0.48,0.417,40,181,292,550,770,1,0,4
83696,70029,NA,2,3,4,0.323,0.413,0.353,32,133,210,390,570,0,0,5
83698,70053,NA,2,3,2,0.36,0.42,0.39,44,146,217,410,620,0,1,3
83706,70035,NA,2,3,2,0.376,0.503,0.396,35,160,257,470,680,1,0,0
83708,70035,NA,2,3,4,0.368,0.495,0.42,57,146,259,430,600,1,0,2
83709,70004,NA,2,3,1,0.319,0.424,0.331,50,161,260,440,680,1,0,5
83710,70004,NA,2,3,2,0.311,0.442,0.34,58,172,275,420,630,1,1,5
83711,70004,NA,2,3,3,0.34,0.488,0.367,53,143,239,380,580,0,0,0
83712,70004,NA,2,3,4,0.333,0.488,0.35,46,136,241,350,600,0,1,0
83713,70037,NA,2,3,1,0.374,0.522,0.394,22,129,219,380,600,1,1,3
83714,70037,NA,2,3,2,0.334,0.483,0.356,22,130,226,400,570,0,1,4
83721,70027,NA,2,4,1,0.396,0.534,0.414,40,144,280,440,670,0,0,2
83722,70027,NA,2,4,2,0.366,0.445,0.404,38,148,288,510,720,0,1,1
83723,70027,NA,2,4,3,0.375,0.506,0.396,39,147,270,520,700,1,1,5
83729,70045,NA,2,4,1,0.383,0.477,0.404,36,170,283,550,750,0,0,1
83732,70045,NA,2,4,4,0.368,0.473,0.398,43,188,360,540,720,1,0,5
83736,70004,NA,2,4,4,0.347,0.434,0.366,53,182,298,530,690,0,1,2
83737,70061,NA,2,4,1,0.366,0.479,0.377,49,212,296,530,680,1,0,3
83762,70038,NA,2,5,2,0.337,0.468,0.383,27,171,285,490,660,1,1,1
83773,70012,NA,2,5,1,0.361,0.512,0.369,40,162,234,420,590,1,0,2
83774,70012,NA,2,5,2,0.374,0.48,0.395,56,209,261,510,720,1,1,2
83777,70059,NA,2,5,1,0.331,0.461,0.362,40,144,251,500,720,1,0,1
83778,70059,NA,2,5,2,0.352,0.505,0.378,45,155,213,460,680,1,0,5
83779,70059,NA,2,5,3,0.336,0.419,0.371,43,155,232,470,660,0,0,1
83786,70008,NA,2,5,2,0.363,0.507,0.373,36,171,254,430,600,1,0,0
83788,70008,NA,2,5,4,0.434,0.484,0.456,40,150,263,430,610,0,1,0
83797,70046,NA,2,5,1,0.43,0.508,0.449,34,138,225,410,650,0,0,2
83798,70046,NA,2,5,2,0.402,0.531,0.426,34,123,208,380,530,1,0,0
83800,70046,NA,2,5,4,0.403,0.537,0.449,41,136,211,420,610,1,1,4
83804,70029,NA,2,1,4,0.357,0.487,0.387,43,149,308,540,750,1,1,0
83808,70036,NA,2,1,4,0.354,0.511,0.371,40,138,231,470,670,0,1,4
83811,70031,NA,2,1,3,0.334,0.462,0.348,45,154,268,470,580,1,1,0
83815,70018,NA,2,1,3,0.339,0.448,0.358,34,175,332,560,740,1,1,4
83816,70018,NA,2,1,4,0.324,0.451,0.338,27,119,238,440,640,0,0,1
83818,70016,NA,2,1,2,0.327,0.433,0.358,30,151,294,520,700,0,1,0
83825,70055,NA,2,1,1,0.257,0.486,0.365,50,202,370,600,850,1,0,4
83827,70055,NA,2,1,3,0.347,0.497,0.361,42,159,276,490,660,1,1,1
83832,70044,NA,2,1,4,0.341,0.495,0.364,28,118,238,440,640,0,0,3
83833,70052,NA,2,1,1,0.394,0.46,0.422,36,125,231,500,690,0,0,0
83838,70004,NA,2,1,2,0.338,0.34,0.339,43,117,256,530,710,1,1,0
83840,70004,NA,2,1,4,0.316,0.417,0.337,37,125,263,500,720,1,1,4
83842,70025,NA,2,2,2,0.385,0.461,0.423,42,186,328,590,760,1,1,4
83850,70018,NA,2,2,2,0.347,0.46,0.362,36,123,228,420,610,1,1,5
83853,70059,NA,2,2,1,0.372,0.458,0.402,50,128,250,520,700,1,0,4
83857,70004,NA,2,2,1,0.313,0.417,0.334,46,153,268,490,660,1,1,2
83859,70004,NA,2,2,3,0.351,0.437,0.36,48,197,360,590,770,0,1,1
83860,70004,NA,2,2,4,0.333,0.406,0.375,54,178,284,550,750,1,1,5
83861,70028,NA,2,2,1,0.368,0.398,0.372,33,136,218,470,600,0,1,3
83863,70028,NA,2,2,3,0.371,0.457,0.411,42,189,324,590,790,1,0,2
83870,70047,NA,2,2,2,0.371,0.453,0.403,36,153,279,520,610,1,0,2
83873,70021,NA,2,2,1,0.367,0.446,0.381,42,164,284,490,670,0,0,1
83874,70021,NA,2,2,2,0.364,0.423,0.397,45,188,321,580,810,1,0,3
83875,70021,NA,2,2,3,0.338,0.482,0.369,38,127,221,400,610,0,0,0
83898,70057,NA,2,3,2,0.374,0.526,0.401,52,159,244,490,660,1,0,1
83899,70057,NA,2,3,3,0.372,0.484,0.42,32,164,274,450,650,0,1,0
83900,70057,NA,2,3,4,0.37,0.41,0.393,37,141,249,440,660,0,0,2
83902,70036,NA,2,3,2,0.342,0.454,0.351,40,123,188,410,590,1,1,3
83910,70041,NA,2,3,2,0.338,0.472,0.36,25,108,222,460,600,0,0,2
83917,70005,NA,2,3,1,0.339,0.478,0.357,26,136,219,380,540,0,0,0
83934,70054,NA,2,4,2,0.359,0.453,0.396,59,197,311,560,720,0,1,0
83936,70054,NA,2,4,4,0.334,0.467,0.367,50,200,324,550,750,1,0,4
83937,70002,NA,2,4,1,0.374,0.455,0.418,72,194,276,600,780,0,0,2
83945,70021,NA,2,4,1,0.394,0.515,0.441,44,136,250,410,570,1,0,4
83948,70021,NA,2,4,4,0.361,0.473,0.376,38,126,224,350,530,0,1,1
83953,70057,NA,2,4,1,0.35,0.441,0.389,54,122,214,390,620,0,1,3
83957,70043,NA,2,4,1,0.351,0.44,0.39,38,164,266,440,590,0,0,2
83960,70043,NA,2,4,4,0.361,0.469,0.39,36,151,288,450,680,0,1,1
83961,70007,NA,2,5,1,0.366,0.443,0.403,48,185,308,530,780,0,1,1
83963,70007,NA,2,5,3,0.382,0.411,0.386,35,161,246,470,660,0,0,0
83964,70007,NA,2,5,4,0.393,0.401,0.394,34,178,325,570,750,0,0,5
83968,70002,NA,2,5,4,0.377,0.48,0.385,30,173,302,550,790,1,1,1
83975,70011,NA,2,5,3,0.375,0.54,0.396,38,184,275,530,730,1,1,4
83979,70028,NA,2,5,3,0.404,0.503,0.413,32,98,233,330,510,1,1,0
83980,70028,NA,2,5,4,0.335,0.473,0.357,37,140,274,470,660,1,1,2
83982,70021,NA,2,5,2,NA,0.52,0.52,24,122,243,470,700,0,0,5
83984,70021,NA,2,5,4,0.402,0.514,0.451,49,159,314,530,730,0,1,5
83989,70003,NA,2,5,1,0.394,0.503,0.407,33,134,234,470,620,0,1,3
83992,70003,NA,2,5,4,0.396,0.494,0.438,31,181,315,540,770,1,1,1
83993,70009,NA,2,5,1,0.367,0.484,0.395,32,144,246,470,630,1,1,5
83996,70009,NA,2,5,4,0.365,0.513,0.409,27,128,225,410,550,1,0,1
83998,70057,NA,2,5,2,0.364,0.463,0.402,40,128,234,460,660,1,0,0
83999,70057,NA,2,5,3,0.391,0.533,0.423,32,143,262,520,720,0,0,0
84001,70028,NA,2,1,1,0.337,0.404,0.373,53,165,282,470,690,1,1,1
84002,70028,NA,2,1,2,0.391,0.502,0.406,46,140,270,490,700,1,1,5
84003,70028,NA,2,1,3,0.402,0.475,0.426,36,177,286,550,750,0,1,5
84006,70050,NA,2,1,2,0.336,0.449,0.357,37,135,303,470,680,1,1,0
84010,70054,NA,2,1,2,0.321,0.404,0.335,37,191,307,490,690,0,0,2
84012,70054,NA,2,1,4,0.347,0.46,0.387,46,211,360,540,720,0,1,1
84018,70007,NA,2,1,2,0.37,0.513,0.394,43,208,296,550,760,1,1,2
84022,70039,NA,2,1,2,0.378,0.507,0.393,34,147,267,470,600,1,1,4
84024,70039,NA,2,1,4,0.346,0.412,0.373,52,188,343,570,690,1,0,2
84027,70056,NA,2,1,3,0.399,0.465,0.407,30,126,209,390,580,0,1,5
84028,70056,NA,2,1,4,0.37,0.415,0.375,33,139,278,470,680,0,0,1
84029,70005,NA,2,1,1,0.386,0.481,0.43,21,135,270,490,640,0,1,2
84038,70047,NA,2,1,2,0.348,0.503,0.367,26,138,279,510,650,1,1,5
84043,70010,NA,2,2,3,0.335,0.46,0.354,35,143,290,420,620,1,1,4
84045,70051,NA,2,2,1,0.364,0.468,0.391,41,152,253,520,720,1,1,3
84047,70051,NA,2,2,3,0.329,0.47,0.365,43,161,318,520,700,0,1,1
84057,70037,NA,2,2,1,0.369,0.482,0.407,20,141,247,460,650,1,1,4
84065,70008,NA,2,2,1,0.355,0.463,0.38,33,151,276,510,630,1,1,4
84091,70055,NA,2,3,3,0.335,0.379,0.364,50,144,241,460,640,1,1,2
84093,70016,NA,2,3,1,0.335,0.426,0.361,36,133,271,510,700,1,0,0
84106,70047,NA,2,3,2,0.369,0.497,0.411,33,144,309,500,700,1,0,1
84114,70028,NA,2,3,2,0.37,0.482,0.397,55,155,266,540,700,0,1,3
84123,70047,NA,2,4,3,0.358,0.451,0.372,35,165,301,510,660,1,0,0
84126,70050,NA,2,4,2,0.356,0.413,0.386,38,175,337,620,780,1,0,1
84128,70050,NA,2,4,4,0.313,0.402,0.342,43,174,313,530,750,1,1,2
84130,70031,NA,2,4,2,0.339,0.449,0.35,35,159,275,480,710,1,0,5
84140,70015,NA,2,4,4,0.369,0.452,0.39,54,185,336,550,710,1,0,4
84142,70016,NA,2,4,2,0.36,0.496,0.39,42,168,273,480,640,1,0,5
84147,70007,NA,2,4,3,0.405,0.529,0.437,34,165,266,530,740,0,0,2
84151,70056,NA,2,4,3,0.376,0.468,0.39,38,133,257,480,660,0,0,2
84154,70024,NA,2,4,2,0.347,0.489,0.404,36,166,296,510,700,0,0,2
84159,70055,NA,2,4,3,0.339,0.423,0.378,38,183,314,580,810,0,1,3
84161,70010,NA,2,5,1,0.347,0.465,0.36,29,154,270,510,710,0,1,3
84170,70023,NA,2,5,2,0.387,0.493,0.422,36,131,240,440,570,0,1,4
84172,70023,NA,2,5,4,0.367,0.477,0.414,41,139,256,500,690,1,0,2
84174,70060,NA,2,5,2,0.362,0.488,0.397,36,126,250,520,740,0,1,2
84178,70030,NA,2,5,2,0.321,0.451,0.355,47,108,308,500,700,1,1,5
84180,70030,NA,2,5,4,0.353,0.567,0.402,27,142,255,450,680,1,1,4
84185,70056,NA,2,5,1,0.389,0.541,0.41,32,128,232,430,630,1,1,5
84187,70056,NA,2,5,3,0.37,0.549,0.393,39,154,270,470,660,1,1,5
84192,70015,NA,2,5,4,0.367,0.509,0.392,39,130,251,450,610,0,1,5
84194,70044,NA,2,5,2,0.385,0.559,0.398,17,131,233,440,620,1,1,2
84196,70044,NA,2,5,4,0.321,0.448,0.365,26,125,231,380,560,1,1,0
84198,70017,NA,2,5,2,0.372,0.492,0.385,29,137,258,490,700,1,1,1
84202,70011,NA,2,1,2,0.376,0.448,0.402,48,155,271,530,710,0,1,3
84210,70009,NA,2,1,2,0.342,0.457,0.367,35,148,252,510,700,1,0,1
84214,70008,NA,2,1,2,0.357,0.509,0.411,39,158,306,510,660,0,0,4
84215,70008,NA,2,1,3,0.348,0.498,0.372,30,132,276,440,650,1,0,3
84216,70008,NA,2,1,4,0.368,0.485,0.409,39,185,259,500,680,1,0,2
84221,70019,NA,2,1,1,0.338,0.483,0.352,30,157,261,470,650,0,1,4
84224,70019,NA,2,1,4,0.364,0.486,0.398,44,164,307,600,790,0,0,5
84225,70046,NA,2,1,1,0.369,0.528,0.402,34,142,250,460,610,1,1,0
84232,70027,NA,2,1,4,0.34,0.419,0.367,60,155,285,480,680,0,1,0
84233,70041,NA,2,1,1,0.345,0.444,0.374,36,183,294,590,800,0,0,5
84238,70020,NA,2,1,2,0.344,0.467,0.382,44,154,286,600,800,1,1,2
84240,70020,NA,2,1,4,0.335,0.448,0.384,42,182,325,550,770,0,1,2
84241,70029,NA,2,2,1,0.332,0.467,0.35,45,141,273,520,700,1,0,5
84244,70029,NA,2,2,4,0.324,0.485,0.369,50,169,299,510,710,1,0,5
84245,70017,NA,2,2,1,0.36,0.391,0.365,44,142,293,540,760,0,1,4
84249,70032,NA,2,2,1,0.362,0.477,0.376,35,124,191,450,630,0,0,3
84254,70015,NA,2,2,2,0.372,0.449,0.4,42,191,296,520,680,1,0,1
84260,70027,NA,2,2,4,0.349,0.366,0.356,43,182,342,600,840,0,1,4
84263,70045,NA,2,2,3,0.362,0.381,0.37,42,151,384,570,730,0,0,2
84267,70035,NA,2,2,3,0.339,0.439,0.365,50,198,346,530,730,0,0,2
84287,70052,NA,2,3,3,0.358,0.464,0.384,35,117,258,420,620,1,0,0
84311,70002,NA,2,3,3,0.344,0.503,0.354,41,140,245,440,620,0,1,0
84342,70025,NA,2,4,2,0.392,0.474,0.408,42,153,275,580,780,0,1,3
84345,70008,NA,2,4,1,0.346,0.477,0.387,38,164,317,520,710,0,0,0
84352,70018,NA,2,4,4,0.347,0.478,0.36,25,120,245,410,590,1,0,5
84359,70011,NA,2,4,3,0.38,0.541,0.397,40,146,232,440,630,0,1,5
84364,70025,NA,2,5,4,0.361,0.474,0.393,34,151,285,500,710,0,1,5
84365,70045,NA,2,5,1,0.344,0.475,0.363,35,195,325,510,680,1,1,5
84366,70045,NA,2,5,2,0.355,0.478,0.37,37,154,275,510,640,1,1,4
84368,70045,NA,2,5,4,0.382,0.507,0.414,48,175,275,520,710,0,1,5
84372,70055,NA,2,5,4,0.342,0.524,0.36,43,127,243,430,640,0,1,0
84377,70018,NA,2,5,1,0.377,0.365,0.374,32,165,309,520,720,1,1,3
84379,70018,NA,2,5,3,0.363,0.495,0.371,30,120,195,390,580,1,1,0
84389,70052,NA,2,5,1,0.39,0.493,0.435,32,137,264,500,700,0,0,1
84391,70052,NA,2,5,3,0.385,0.44,0.41,49,136,314,540,730,0,0,1
84392,70052,NA,2,5,4,0.367,0.472,0.4,28,152,249,470,700,0,0,3
84398,70024,NA,2,5,2,0.359,0.414,0.385,43,118,223,490,670,1,1,1
84409,70059,NA,2,1,1,0.365,0.469,0.379,40,143,223,460,670,0,0,2
84410,70059,NA,2,1,2,0.335,0.465,0.352,28,110,253,460,630,0,0,4
84412,70059,NA,2,1,4,0.36,0.481,0.378,33,135,238,450,610,0,1,4
84414,70021,NA,2,1,2,0.391,0.394,0.393,43,152,310,560,640,0,0,1
84415,70021,NA,2,1,3,0.365,0.464,0.38,39,159,323,550,710,0,0,3
84416,70021,NA,2,1,4,0.396,0.476,0.419,37,133,271,470,670,1,0,2
84421,70010,NA,2,1,1,0.366,0.457,0.386,38,152,308,560,750,0,0,2
84422,70010,NA,2,1,2,0.403,0.423,0.404,43,159,274,490,640,1,0,0
84424,70010,NA,2,1,4,0.367,0.491,0.415,27,146,297,510,700,1,0,4
84428,70017,NA,2,1,4,0.369,0.458,0.407,34,172,326,530,730,0,1,2
84430,70012,NA,2,1,2,0.375,0.386,0.379,42,213,378,560,730,0,1,5
84441,70005,NA,2,2,1,0.342,0.452,0.358,38,163,269,490,670,0,0,4
84454,70060,NA,2,2,2,0.388,0.565,0.405,42,150,284,520,780,1,0,0
84455,70060,NA,2,2,3,0.375,0.468,0.403,55,192,330,500,760,1,0,2
84480,70048,NA,2,2,4,0.343,0.415,0.369,44,193,324,580,790,1,0,4
84485,70009,NA,2,3,1,0.329,0.443,0.362,50,155,277,520,650,0,0,2
84510,70040,NA,2,3,2,0.337,0.409,0.376,38,137,269,500,720,0,0,1
84512,70040,NA,2,3,4,0.326,0.437,0.359,27,124,228,390,590,1,1,5
84522,70036,NA,2,4,2,0.338,0.382,0.361,42,165,243,500,710,0,0,4
84523,70036,NA,2,4,3,0.341,0.411,0.364,60,182,280,530,750,0,1,1
84529,70028,NA,2,4,1,0.365,0.498,0.381,73,179,281,530,720,1,0,5
84530,70028,NA,2,4,2,0.378,0.476,0.406,80,182,329,540,760,1,0,4
84546,70030,NA,2,4,2,0.346,0.48,0.372,31,144,234,440,680,1,1,4
84547,70030,NA,2,4,3,0.331,0.413,0.376,34,158,290,480,670,1,1,5
84548,70030,NA,2,4,4,0.367,0.469,0.392,37,148,243,500,720,1,0,5
84550,70022,NA,2,4,2,0.345,0.427,0.363,47,188,286,480,660,0,0,5
84555,70040,NA,2,4,3,0.358,0.472,0.378,44,122,228,510,680,1,0,3
84561,70029,NA,2,5,1,0.345,0.424,0.364,48,172,266,520,700,1,0,4
84564,70029,NA,2,5,4,0.325,0.428,0.366,37,129,267,520,700,1,1,3
84565,70043,NA,2,5,1,0.365,0.502,0.4,32,133,253,480,700,0,1,5
84568,70043,NA,2,5,4,0.37,0.447,0.389,35,143,298,540,710,0,0,4
84569,70020,NA,2,5,1,0.335,0.466,0.367,40,147,277,550,730,1,1,3
84572,70020,NA,2,5,4,0.364,0.465,0.373,40,147,291,530,700,1,1,4
84582,70027,NA,2,5,2,0.384,0.507,0.416,42,144,230,440,650,0,1,2
84583,70027,NA,2,5,3,0.385,0.517,0.425,36,128,251,460,640,0,1,3
84585,70035,NA,2,5,1,0.366,0.503,0.381,43,154,274,480,630,0,1,5
84587,70035,NA,2,5,3,0.343,0.486,0.358,30,130,262,420,600,0,1,3
84593,70022,NA,2,5,1,0.337,0.425,0.372,36,154,277,550,750,0,0,2
84600,70040,NA,2,5,4,0.361,0.467,0.374,24,132,245,400,560,1,1,2
84603,70038,NA,2,1,3,0.35,0.468,0.359,32,154,308,490,690,1,1,5
84605,70035,NA,2,1,1,0.368,0.526,0.423,51,175,310,600,780,0,1,1
84606,70035,NA,2,1,2,0.362,0.409,0.366,38,146,269,510,670,1,1,5
84607,70035,NA,2,1,3,0.361,0.555,0.392,31,170,299,530,720,1,1,5
84608,70035,NA,2,1,4,0.347,0.478,0.371,45,156,320,480,660,0,1,2
84609,70057,NA,2,1,1,0.376,0.533,0.415,45,192,301,570,730,1,1,5
84619,70045,NA,2,1,3,0.356,0.483,0.366,36,122,248,470,620,1,0,3
84621,70015,NA,2,1,1,0.386,0.449,0.391,39,134,284,520,690,0,1,0
84625,70022,NA,2,1,1,0.346,0.476,0.375,34,160,286,550,770,1,0,3
84644,70019,NA,2,2,4,0.407,0.449,0.426,34,181,320,530,770,0,0,1
84645,70012,NA,2,2,1,0.326,0.417,0.354,36,180,303,510,700,0,1,2
84647,70012,NA,2,2,3,0.38,0.447,0.388,38,140,278,470,720,0,0,4
84658,70003,NA,2,2,2,0.357,0.459,0.408,35,184,288,570,820,1,1,0
84669,70050,NA,2,2,1,0.325,0.449,0.367,44,172,285,590,790,1,1,1
84672,70050,NA,2,2,4,0.32,0.398,0.335,38,175,323,470,790,0,0,5
84674,70044,NA,2,2,2,0.368,0.398,0.372,33,150,250,510,720,1,0,4
84675,70044,NA,2,2,3,0.36,0.448,0.365,50,191,350,620,840,0,0,5
84686,70061,NA,2,3,2,0.329,0.434,0.354,36,152,274,560,750,0,0,1
84707,70034,NA,2,3,3,0.363,0.506,0.433,46,144,257,430,550,0,0,4
84710,70043,NA,2,3,2,0.363,0.447,0.38,51,135,209,410,580,1,0,4
84711,70043,NA,2,3,3,0.363,0.434,0.405,56,187,298,570,720,0,1,5
84715,70007,NA,2,3,3,0.381,0.477,0.398,32,146,282,500,650,1,0,4
84717,70024,NA,2,3,1,0.419,0.5,0.428,35,82,206,380,560,0,1,4
84728,70048,NA,2,4,4,0.39,0.409,0.398,42,181,345,640,820,1,0,3
84731,70023,NA,2,4,3,0.382,0.467,0.424,49,162,315,560,690,1,1,4
84738,70020,NA,2,4,2,0.356,0.487,0.407,44,153,222,570,700,1,1,0
84739,70020,NA,2,4,3,0.317,0.392,0.325,56,157,311,560,700,0,1,3
84747,70005,NA,2,4,3,0.379,0.453,0.391,33,144,281,490,590,1,1,5
84755,70001,NA,2,4,3,0.381,0.492,0.403,49,148,265,490,650,0,0,3
84758,70052,NA,2,4,2,0.33,0.455,0.344,47,159,291,530,700,0,1,5
84759,70052,NA,2,4,3,0.376,0.455,0.415,53,195,363,610,830,0,1,3
84761,70061,NA,2,5,1,0.343,0.475,0.357,47,124,242,480,670,1,1,3
84762,70061,NA,2,5,2,0.362,0.473,0.408,43,143,255,490,680,1,1,5
84776,70050,NA,2,5,4,0.358,0.491,0.389,34,155,331,570,790,1,0,4
84780,70004,NA,2,5,4,0.357,0.454,0.368,49,131,221,420,610,0,0,3
84781,70054,NA,2,5,1,0.346,0.46,0.354,35,135,260,470,620,0,0,3
84786,70019,NA,2,5,2,0.382,0.488,0.395,31,143,222,480,640,0,1,1
84788,70019,NA,2,5,4,0.353,0.523,0.397,39,156,285,490,730,1,0,3
84794,70006,NA,2,5,2,0.374,0.45,0.415,29,149,278,500,690,0,0,5
84795,70006,NA,2,5,3,0.334,0.473,0.36,33,152,256,500,660,1,1,0
84797,70041,NA,2,5,1,0.359,0.473,0.379,35,152,227,500,620,1,0,1
84799,70041,NA,2,5,3,0.368,0.528,0.376,29,136,233,410,580,1,0,2
